mean_fit_time,std_fit_time,mean_score_time,std_score_time,param_n_estimators,param_min_samples_split,param_min_samples_leaf,param_max_features,param_max_depth,param_criterion,param_bootstrap,params,split0_test_score,split1_test_score,split2_test_score,split3_test_score,split4_test_score,split5_test_score,split6_test_score,split7_test_score,split8_test_score,split9_test_score,mean_test_score,std_test_score,rank_test_score,fold
1.928997850418091,0.06751880144847494,0.09263980388641357,0.04143322906047152,500,5,2,sqrt,,entropy,True,"{'n_estimators': 500, 'min_samples_split': 5, 'min_samples_leaf': 2, 'max_features': 'sqrt', 'max_depth': None, 'criterion': 'entropy', 'bootstrap': True}",0.9093567251461988,0.8976608187134502,0.9005847953216375,0.8742690058479532,0.8703703703703702,0.9506172839506173,0.9351851851851851,0.8672839506172839,0.8549382716049383,0.8575851393188855,0.891785154607652,0.031078208723758716,1,1
0.3615212917327881,0.020417608219327855,0.021995925903320314,0.0023274707128130077,100,5,1,log2,,gini,True,"{'n_estimators': 100, 'min_samples_split': 5, 'min_samples_leaf': 1, 'max_features': 'log2', 'max_depth': None, 'criterion': 'gini', 'bootstrap': True}",0.8742690058479533,0.9035087719298245,0.9210526315789473,0.8947368421052632,0.845679012345679,0.9475308641975309,0.9104938271604939,0.8549382716049383,0.8734567901234568,0.891640866873065,0.8917306883767152,0.02930280557116633,2,1
1.4326416015625,0.0827342796514768,0.08395938873291016,0.0020956140035381004,500,10,2,log2,,gini,False,"{'n_estimators': 500, 'min_samples_split': 10, 'min_samples_leaf': 2, 'max_features': 'log2', 'max_depth': None, 'criterion': 'gini', 'bootstrap': False}",0.9035087719298246,0.8888888888888888,0.8976608187134503,0.8625730994152047,0.8580246913580246,0.9598765432098765,0.9320987654320988,0.867283950617284,0.8796296296296297,0.8668730650154799,0.891641822420976,0.031310645162555675,3,1
0.6059446334838867,0.02150622100950579,0.036290955543518064,0.0008493131942278903,200,10,1,sqrt,15,gini,False,"{'n_estimators': 200, 'min_samples_split': 10, 'min_samples_leaf': 1, 'max_features': 'sqrt', 'max_depth': 15, 'criterion': 'gini', 'bootstrap': False}",0.888888888888889,0.8771929824561402,0.9122807017543859,0.8742690058479533,0.8580246913580247,0.9691358024691358,0.9320987654320988,0.845679012345679,0.8888888888888888,0.8668730650154799,0.8913331804456675,0.03528316269180946,4,1
1.698797845840454,0.04883960819225129,0.08659882545471191,0.0048451404190941825,500,2,2,log2,,gini,True,"{'n_estimators': 500, 'min_samples_split': 2, 'min_samples_leaf': 2, 'max_features': 'log2', 'max_depth': None, 'criterion': 'gini', 'bootstrap': True}",0.9152046783625731,0.8830409356725146,0.8976608187134504,0.8713450292397661,0.8672839506172838,0.9537037037037036,0.9259259259259259,0.8672839506172839,0.8641975308641976,0.8668730650154799,0.8912519588732177,0.029421456130689243,5,1
0.0007650136947631836,2.412344820633229e-05,0.0,0.0,500,10,4,auto,5,entropy,True,"{'n_estimators': 500, 'min_samples_split': 10, 'min_samples_leaf': 4, 'max_features': 'auto', 'max_depth': 5, 'criterion': 'entropy', 'bootstrap': True}",,,,,,,,,,,,,71,1
0.0007343292236328125,3.813594420277995e-05,0.0,0.0,500,2,4,auto,10,entropy,False,"{'n_estimators': 500, 'min_samples_split': 2, 'min_samples_leaf': 4, 'max_features': 'auto', 'max_depth': 10, 'criterion': 'entropy', 'bootstrap': False}",,,,,,,,,,,,,71,1
0.0007569551467895508,9.222346532691548e-05,0.0,0.0,100,2,1,auto,15,gini,True,"{'n_estimators': 100, 'min_samples_split': 2, 'min_samples_leaf': 1, 'max_features': 'auto', 'max_depth': 15, 'criterion': 'gini', 'bootstrap': True}",,,,,,,,,,,,,71,1
0.0008427619934082032,0.00023643706874064465,0.0,0.0,500,10,4,auto,,gini,False,"{'n_estimators': 500, 'min_samples_split': 10, 'min_samples_leaf': 4, 'max_features': 'auto', 'max_depth': None, 'criterion': 'gini', 'bootstrap': False}",,,,,,,,,,,,,71,1
0.0008071184158325196,0.000213052823316624,0.0,0.0,500,5,1,auto,10,entropy,False,"{'n_estimators': 500, 'min_samples_split': 5, 'min_samples_leaf': 1, 'max_features': 'auto', 'max_depth': 10, 'criterion': 'entropy', 'bootstrap': False}",,,,,,,,,,,,,71,1
0.9723868608474732,0.05200830707831848,0.05471024513244629,0.0006928798508282879,300,2,2,sqrt,15,gini,False,"{'n_estimators': 300, 'min_samples_split': 2, 'min_samples_leaf': 2, 'max_features': 'sqrt', 'max_depth': 15, 'criterion': 'gini', 'bootstrap': False}",0.8742690058479532,0.912280701754386,0.8157894736842105,0.9444444444444444,0.8364197530864197,0.8981481481481481,0.9753086419753085,0.8981481481481483,0.8919753086419753,0.848297213622291,0.8895080839353284,0.04608371719798581,1,2
1.759736466407776,0.09694876193201483,0.09037270545959472,0.006152092935468055,500,10,1,sqrt,15,entropy,False,"{'n_estimators': 500, 'min_samples_split': 10, 'min_samples_leaf': 1, 'max_features': 'sqrt', 'max_depth': 15, 'criterion': 'entropy', 'bootstrap': False}",0.8625730994152048,0.9298245614035089,0.8011695906432749,0.9415204678362573,0.8395061728395062,0.9074074074074074,0.9753086419753085,0.8888888888888888,0.8888888888888888,0.8513931888544892,0.8886480908152736,0.049485672701341604,2,2
2.0239267587661742,0.10245351469131768,0.0809023141860962,0.019938919624155584,500,5,2,sqrt,,entropy,True,"{'n_estimators': 500, 'min_samples_split': 5, 'min_samples_leaf': 2, 'max_features': 'sqrt', 'max_depth': None, 'criterion': 'entropy', 'bootstrap': True}",0.868421052631579,0.9035087719298246,0.8011695906432749,0.9415204678362573,0.8395061728395062,0.8981481481481481,0.9567901234567902,0.904320987654321,0.8858024691358024,0.8792569659442724,0.8878444750219776,0.04308356701368561,3,2
1.6956225633621216,0.0617360790997665,0.08978745937347413,0.007344237722218727,500,5,4,sqrt,10,entropy,False,"{'n_estimators': 500, 'min_samples_split': 5, 'min_samples_leaf': 4, 'max_features': 'sqrt', 'max_depth': 10, 'criterion': 'entropy', 'bootstrap': False}",0.8742690058479532,0.9005847953216374,0.804093567251462,0.9415204678362573,0.8271604938271605,0.9074074074074074,0.9691358024691358,0.8950617283950617,0.8981481481481481,0.8606811145510835,0.8878062531055306,0.04670284538009731,4,2
0.37809479236602783,0.029648511388797434,0.022221875190734864,0.0024180867851743165,100,2,4,sqrt,15,entropy,True,"{'n_estimators': 100, 'min_samples_split': 2, 'min_samples_leaf': 4, 'max_features': 'sqrt', 'max_depth': 15, 'criterion': 'entropy', 'bootstrap': True}",0.8596491228070176,0.9005847953216374,0.8216374269005848,0.9473684210526316,0.8148148148148148,0.9104938271604939,0.9598765432098765,0.8919753086419753,0.9074074074074074,0.8606811145510835,0.8874488781867521,0.04588547219217737,5,2
0.0010248422622680664,0.0005552088855360729,0.0,0.0,500,10,4,auto,5,entropy,True,"{'n_estimators': 500, 'min_samples_split': 10, 'min_samples_leaf': 4, 'max_features': 'auto', 'max_depth': 5, 'criterion': 'entropy', 'bootstrap': True}",,,,,,,,,,,,,71,2
0.0007903575897216797,0.0001719171882962418,0.0,0.0,500,2,4,auto,10,entropy,False,"{'n_estimators': 500, 'min_samples_split': 2, 'min_samples_leaf': 4, 'max_features': 'auto', 'max_depth': 10, 'criterion': 'entropy', 'bootstrap': False}",,,,,,,,,,,,,71,2
0.0007894515991210937,2.139394622154762e-05,0.0,0.0,100,2,1,auto,15,gini,True,"{'n_estimators': 100, 'min_samples_split': 2, 'min_samples_leaf': 1, 'max_features': 'auto', 'max_depth': 15, 'criterion': 'gini', 'bootstrap': True}",,,,,,,,,,,,,71,2
0.0007820606231689453,1.8522776083063536e-05,0.0,0.0,500,10,4,auto,,gini,False,"{'n_estimators': 500, 'min_samples_split': 10, 'min_samples_leaf': 4, 'max_features': 'auto', 'max_depth': None, 'criterion': 'gini', 'bootstrap': False}",,,,,,,,,,,,,71,2
0.0008907318115234375,0.0002721215287078229,0.0,0.0,500,5,1,auto,10,entropy,False,"{'n_estimators': 500, 'min_samples_split': 5, 'min_samples_leaf': 1, 'max_features': 'auto', 'max_depth': 10, 'criterion': 'entropy', 'bootstrap': False}",,,,,,,,,,,,,71,2
1.740271759033203,0.052275296743399396,0.09206099510192871,0.007716768233954719,500,10,1,sqrt,15,entropy,False,"{'n_estimators': 500, 'min_samples_split': 10, 'min_samples_leaf': 1, 'max_features': 'sqrt', 'max_depth': 15, 'criterion': 'entropy', 'bootstrap': False}",0.8859649122807017,0.9064327485380117,0.9035087719298246,0.7982456140350878,0.8765432098765432,0.7901234567901235,0.9753086419753086,0.9506172839506173,0.9135802469135803,0.8235294117647058,0.8823854298054504,0.058643542155844,1,3
0.9911219120025635,0.057554134440315874,0.05582637786865234,0.0029005305389820444,300,2,2,sqrt,15,gini,False,"{'n_estimators': 300, 'min_samples_split': 2, 'min_samples_leaf': 2, 'max_features': 'sqrt', 'max_depth': 15, 'criterion': 'gini', 'bootstrap': False}",0.8801169590643274,0.8947368421052632,0.8976608187134503,0.8099415204678362,0.8765432098765432,0.8055555555555556,0.9753086419753088,0.9320987654320988,0.9104938271604939,0.8328173374613003,0.8815273477812177,0.05091362862206855,2,3
1.63382830619812,0.057499268066673,0.08840575218200683,0.0061421326874224365,500,5,4,sqrt,10,entropy,False,"{'n_estimators': 500, 'min_samples_split': 5, 'min_samples_leaf': 4, 'max_features': 'sqrt', 'max_depth': 10, 'criterion': 'entropy', 'bootstrap': False}",0.8771929824561404,0.8947368421052632,0.894736842105263,0.8216374269005848,0.8703703703703703,0.7932098765432098,0.9753086419753088,0.9537037037037037,0.904320987654321,0.8297213622291022,0.8814939036043269,0.053932162171384586,3,3
1.621236300468445,0.08238176237335952,0.0906989574432373,0.007375059898954244,500,10,1,log2,15,entropy,False,"{'n_estimators': 500, 'min_samples_split': 10, 'min_samples_leaf': 1, 'max_features': 'log2', 'max_depth': 15, 'criterion': 'entropy', 'bootstrap': False}",0.868421052631579,0.8976608187134503,0.8859649122807017,0.8070175438596491,0.8672839506172839,0.7962962962962963,0.9814814814814815,0.9567901234567902,0.9228395061728396,0.8297213622291022,0.8813477047739173,0.05789319417344728,4,3
0.2897932767868042,0.005077019754949303,0.02147214412689209,0.000833682927036606,100,10,1,log2,10,gini,False,"{'n_estimators': 100, 'min_samples_split': 10, 'min_samples_leaf': 1, 'max_features': 'log2', 'max_depth': 10, 'criterion': 'gini', 'bootstrap': False}",0.8742690058479532,0.8918128654970761,0.8830409356725146,0.8172514619883041,0.8580246913580247,0.8364197530864198,0.9753086419753088,0.9320987654320987,0.9320987654320988,0.8111455108359134,0.8811470397125711,0.05073583559955582,5,3
0.0008221864700317383,3.8617223307537805e-05,0.0,0.0,500,10,4,auto,5,entropy,True,"{'n_estimators': 500, 'min_samples_split': 10, 'min_samples_leaf': 4, 'max_features': 'auto', 'max_depth': 5, 'criterion': 'entropy', 'bootstrap': True}",,,,,,,,,,,,,71,3
0.0007985115051269531,0.00011800085783092413,0.0,0.0,500,2,4,auto,10,entropy,False,"{'n_estimators': 500, 'min_samples_split': 2, 'min_samples_leaf': 4, 'max_features': 'auto', 'max_depth': 10, 'criterion': 'entropy', 'bootstrap': False}",,,,,,,,,,,,,71,3
0.0007209539413452149,2.377368000451212e-05,0.0,0.0,100,2,1,auto,15,gini,True,"{'n_estimators': 100, 'min_samples_split': 2, 'min_samples_leaf': 1, 'max_features': 'auto', 'max_depth': 15, 'criterion': 'gini', 'bootstrap': True}",,,,,,,,,,,,,71,3
0.0008305072784423828,0.00014057080166410824,0.0,0.0,500,10,4,auto,,gini,False,"{'n_estimators': 500, 'min_samples_split': 10, 'min_samples_leaf': 4, 'max_features': 'auto', 'max_depth': None, 'criterion': 'gini', 'bootstrap': False}",,,,,,,,,,,,,71,3
0.0008141994476318359,7.71516038374659e-05,0.0,0.0,500,5,1,auto,10,entropy,False,"{'n_estimators': 500, 'min_samples_split': 5, 'min_samples_leaf': 1, 'max_features': 'auto', 'max_depth': 10, 'criterion': 'entropy', 'bootstrap': False}",,,,,,,,,,,,,71,3
1.8661528825759888,0.07865461923611902,0.08890297412872314,0.002098847397676337,500,5,1,log2,,entropy,True,"{'n_estimators': 500, 'min_samples_split': 5, 'min_samples_leaf': 1, 'max_features': 'log2', 'max_depth': None, 'criterion': 'entropy', 'bootstrap': True}",0.8713450292397661,0.8947368421052632,0.8099415204678363,0.8976608187134503,0.8827160493827161,0.9104938271604939,0.8919753086419753,0.9259259259259259,0.9351851851851851,0.848297213622291,0.8868277720444905,0.03505183851322229,1,4
1.9890241384506226,0.0674697313192905,0.100219464302063,0.0018639901110397785,500,5,4,sqrt,10,gini,True,"{'n_estimators': 500, 'min_samples_split': 5, 'min_samples_leaf': 4, 'max_features': 'sqrt', 'max_depth': 10, 'criterion': 'gini', 'bootstrap': True}",0.8801169590643275,0.9035087719298246,0.8245614035087719,0.9005847953216375,0.8765432098765432,0.867283950617284,0.8950617283950617,0.9197530864197531,0.9166666666666665,0.8637770897832817,0.8847857661583152,0.027219938191608374,2,4
0.9333659648895264,0.0383499550285521,0.05538203716278076,0.002616524603368045,300,2,4,sqrt,15,gini,False,"{'n_estimators': 300, 'min_samples_split': 2, 'min_samples_leaf': 4, 'max_features': 'sqrt', 'max_depth': 15, 'criterion': 'gini', 'bootstrap': False}",0.8771929824561404,0.9093567251461988,0.8245614035087718,0.8771929824561403,0.8734567901234568,0.9012345679012345,0.904320987654321,0.9166666666666667,0.9074074074074073,0.8544891640866873,0.8845879677407025,0.027517564556971186,3,4
1.836532473564148,0.13921043669977076,0.10385897159576415,0.007520960118554474,500,10,1,sqrt,15,entropy,False,"{'n_estimators': 500, 'min_samples_split': 10, 'min_samples_leaf': 1, 'max_features': 'sqrt', 'max_depth': 15, 'criterion': 'entropy', 'bootstrap': False}",0.8684210526315791,0.9210526315789473,0.8362573099415205,0.8801169590643275,0.8703703703703703,0.8919753086419753,0.9074074074074074,0.9135802469135803,0.9074074074074073,0.8452012383900928,0.8841789932347208,0.02763194507804284,4,4
0.7343225479125977,0.008784390846467939,0.03871431350708008,0.0018311805582493415,200,5,2,sqrt,10,entropy,True,"{'n_estimators': 200, 'min_samples_split': 5, 'min_samples_leaf': 2, 'max_features': 'sqrt', 'max_depth': 10, 'criterion': 'entropy', 'bootstrap': True}",0.8538011695906433,0.8859649122807017,0.8157894736842105,0.9064327485380117,0.8919753086419754,0.8641975308641975,0.8888888888888888,0.9104938271604939,0.9351851851851852,0.8761609907120742,0.8828890035546383,0.03149973318559959,5,4
0.0008796215057373047,0.00032488597737856303,0.0,0.0,500,10,4,auto,5,entropy,True,"{'n_estimators': 500, 'min_samples_split': 10, 'min_samples_leaf': 4, 'max_features': 'auto', 'max_depth': 5, 'criterion': 'entropy', 'bootstrap': True}",,,,,,,,,,,,,71,4
0.0007827281951904297,6.594892347337448e-05,0.0,0.0,500,2,4,auto,10,entropy,False,"{'n_estimators': 500, 'min_samples_split': 2, 'min_samples_leaf': 4, 'max_features': 'auto', 'max_depth': 10, 'criterion': 'entropy', 'bootstrap': False}",,,,,,,,,,,,,71,4
0.0007281064987182617,2.9529168504187862e-05,0.0,0.0,100,2,1,auto,15,gini,True,"{'n_estimators': 100, 'min_samples_split': 2, 'min_samples_leaf': 1, 'max_features': 'auto', 'max_depth': 15, 'criterion': 'gini', 'bootstrap': True}",,,,,,,,,,,,,71,4
0.0007905960083007812,3.745190871560159e-05,0.0,0.0,500,10,4,auto,,gini,False,"{'n_estimators': 500, 'min_samples_split': 10, 'min_samples_leaf': 4, 'max_features': 'auto', 'max_depth': None, 'criterion': 'gini', 'bootstrap': False}",,,,,,,,,,,,,71,4
0.000881361961364746,0.00018271221614916304,0.0,0.0,500,5,1,auto,10,entropy,False,"{'n_estimators': 500, 'min_samples_split': 5, 'min_samples_leaf': 1, 'max_features': 'auto', 'max_depth': 10, 'criterion': 'entropy', 'bootstrap': False}",,,,,,,,,,,,,71,4
2.125755476951599,0.08881655772708484,0.0764885663986206,0.02259596531975969,500,5,2,sqrt,,entropy,True,"{'n_estimators': 500, 'min_samples_split': 5, 'min_samples_leaf': 2, 'max_features': 'sqrt', 'max_depth': None, 'criterion': 'entropy', 'bootstrap': True}",0.9035087719298246,0.8538011695906433,0.9532163742690059,0.827485380116959,0.9598765432098766,0.904320987654321,0.9012345679012346,0.8765432098765431,0.8518518518518519,0.8606811145510835,0.8892519970951343,0.04135412407396819,1,5
0.4143218040466309,0.02964762332665544,0.02512650489807129,0.002781126988157376,100,5,1,log2,,gini,True,"{'n_estimators': 100, 'min_samples_split': 5, 'min_samples_leaf': 1, 'max_features': 'log2', 'max_depth': None, 'criterion': 'gini', 'bootstrap': True}",0.9093567251461988,0.8538011695906433,0.9444444444444445,0.804093567251462,0.9444444444444444,0.8950617283950617,0.8981481481481481,0.8919753086419753,0.8641975308641975,0.8699690402476781,0.8875492107174254,0.04012007816361566,2,5
0.4221065521240234,0.026396008844862734,0.02581820487976074,0.00398965597986984,100,10,1,sqrt,,gini,True,"{'n_estimators': 100, 'min_samples_split': 10, 'min_samples_leaf': 1, 'max_features': 'sqrt', 'max_depth': None, 'criterion': 'gini', 'bootstrap': True}",0.9005847953216374,0.8245614035087719,0.9678362573099415,0.8157894736842106,0.962962962962963,0.9074074074074074,0.8858024691358025,0.8703703703703703,0.8734567901234569,0.8575851393188855,0.8866357069143447,0.04816710775923405,3,5
1.7560582160949707,0.14715496499562514,0.12074804306030273,0.052743626377691984,500,10,1,log2,15,entropy,False,"{'n_estimators': 500, 'min_samples_split': 10, 'min_samples_leaf': 1, 'max_features': 'log2', 'max_depth': 15, 'criterion': 'entropy', 'bootstrap': False}",0.9093567251461988,0.8391812865497077,0.9678362573099415,0.804093567251462,0.9567901234567902,0.8981481481481481,0.8981481481481481,0.8641975308641976,0.8395061728395062,0.8823529411764706,0.8859610900890571,0.04909182353851787,4,5
2.109437656402588,0.10478444905239502,0.10392253398895264,0.00999035703503917,500,5,1,log2,,entropy,True,"{'n_estimators': 500, 'min_samples_split': 5, 'min_samples_leaf': 1, 'max_features': 'log2', 'max_depth': None, 'criterion': 'entropy', 'bootstrap': True}",0.9181286549707602,0.8508771929824561,0.9502923976608187,0.8070175438596491,0.9629629629629629,0.8950617283950617,0.8858024691358024,0.8734567901234569,0.8487654320987654,0.8668730650154799,0.8859238237205214,0.04533495472633985,5,5
0.0007802724838256836,2.5815359985061253e-05,0.0,0.0,500,10,4,auto,5,entropy,True,"{'n_estimators': 500, 'min_samples_split': 10, 'min_samples_leaf': 4, 'max_features': 'auto', 'max_depth': 5, 'criterion': 'entropy', 'bootstrap': True}",,,,,,,,,,,,,71,5
0.0007571697235107422,2.593284046928653e-05,0.0,0.0,500,2,4,auto,10,entropy,False,"{'n_estimators': 500, 'min_samples_split': 2, 'min_samples_leaf': 4, 'max_features': 'auto', 'max_depth': 10, 'criterion': 'entropy', 'bootstrap': False}",,,,,,,,,,,,,71,5
0.0007461309432983398,3.3218519329802957e-05,0.0,0.0,100,2,1,auto,15,gini,True,"{'n_estimators': 100, 'min_samples_split': 2, 'min_samples_leaf': 1, 'max_features': 'auto', 'max_depth': 15, 'criterion': 'gini', 'bootstrap': True}",,,,,,,,,,,,,71,5
0.0007749080657958984,1.731477074693509e-05,0.0,0.0,500,10,4,auto,,gini,False,"{'n_estimators': 500, 'min_samples_split': 10, 'min_samples_leaf': 4, 'max_features': 'auto', 'max_depth': None, 'criterion': 'gini', 'bootstrap': False}",,,,,,,,,,,,,71,5
0.0007789850234985352,1.72856100654313e-05,0.0,0.0,500,5,1,auto,10,entropy,False,"{'n_estimators': 500, 'min_samples_split': 5, 'min_samples_leaf': 1, 'max_features': 'auto', 'max_depth': 10, 'criterion': 'entropy', 'bootstrap': False}",,,,,,,,,,,,,71,5
0.9512169837951661,0.02041746758951356,0.05527286529541016,0.00259188435373114,300,2,2,sqrt,15,gini,False,"{'n_estimators': 300, 'min_samples_split': 2, 'min_samples_leaf': 2, 'max_features': 'sqrt', 'max_depth': 15, 'criterion': 'gini', 'bootstrap': False}",0.8947368421052632,0.8976608187134503,0.9239766081871345,0.8391812865497077,0.9152046783625731,0.904320987654321,0.8580246913580247,0.9259259259259259,0.9228395061728395,0.869969040247678,0.8951840385276919,0.028605010630981014,1,6
0.33400423526763917,0.02132935181046446,0.022359299659729003,0.004677006371303303,100,10,1,sqrt,15,gini,False,"{'n_estimators': 100, 'min_samples_split': 10, 'min_samples_leaf': 1, 'max_features': 'sqrt', 'max_depth': 15, 'criterion': 'gini', 'bootstrap': False}",0.9210526315789473,0.9064327485380117,0.915204678362573,0.8450292397660819,0.9210526315789473,0.9135802469135803,0.845679012345679,0.9135802469135802,0.8950617283950617,0.869969040247678,0.8946642204640141,0.028534065818048168,2,6
0.9048117399215698,0.015360231724122705,0.05426404476165771,0.0005753247846779985,300,2,4,sqrt,15,gini,False,"{'n_estimators': 300, 'min_samples_split': 2, 'min_samples_leaf': 4, 'max_features': 'sqrt', 'max_depth': 15, 'criterion': 'gini', 'bootstrap': False}",0.8947368421052632,0.8976608187134503,0.9035087719298246,0.8508771929824561,0.9093567251461989,0.9074074074074074,0.8549382716049383,0.9290123456790124,0.9320987654320988,0.848297213622291,0.892789435462294,0.029422464647823082,3,6
0.6207658290863037,0.010812683593374417,0.037630224227905275,0.0007668746194098272,200,10,1,sqrt,15,gini,False,"{'n_estimators': 200, 'min_samples_split': 10, 'min_samples_leaf': 1, 'max_features': 'sqrt', 'max_depth': 15, 'criterion': 'gini', 'bootstrap': False}",0.9064327485380117,0.915204678362573,0.9093567251461988,0.827485380116959,0.9152046783625732,0.9104938271604939,0.845679012345679,0.9228395061728395,0.8950617283950617,0.8792569659442724,0.8927015250544661,0.030584602200494748,4,6
0.9553608894348145,0.029861093996615157,0.05755460262298584,0.00459003345853137,300,10,2,sqrt,,gini,False,"{'n_estimators': 300, 'min_samples_split': 10, 'min_samples_leaf': 2, 'max_features': 'sqrt', 'max_depth': None, 'criterion': 'gini', 'bootstrap': False}",0.9064327485380117,0.8976608187134503,0.9035087719298246,0.8304093567251463,0.9122807017543861,0.9104938271604939,0.8425925925925926,0.9228395061728396,0.9166666666666666,0.8575851393188854,0.8900470129572297,0.03172757368577442,5,6
0.000892186164855957,2.6860887230770345e-05,0.0,0.0,500,10,4,auto,5,entropy,True,"{'n_estimators': 500, 'min_samples_split': 10, 'min_samples_leaf': 4, 'max_features': 'auto', 'max_depth': 5, 'criterion': 'entropy', 'bootstrap': True}",,,,,,,,,,,,,71,6
0.0007279634475708008,4.271460979174292e-05,0.0,0.0,500,2,4,auto,10,entropy,False,"{'n_estimators': 500, 'min_samples_split': 2, 'min_samples_leaf': 4, 'max_features': 'auto', 'max_depth': 10, 'criterion': 'entropy', 'bootstrap': False}",,,,,,,,,,,,,71,6
0.0008888959884643555,0.00029117730366118853,0.0,0.0,100,2,1,auto,15,gini,True,"{'n_estimators': 100, 'min_samples_split': 2, 'min_samples_leaf': 1, 'max_features': 'auto', 'max_depth': 15, 'criterion': 'gini', 'bootstrap': True}",,,,,,,,,,,,,71,6
0.0008486509323120117,0.00017995834508520873,0.0,0.0,500,10,4,auto,,gini,False,"{'n_estimators': 500, 'min_samples_split': 10, 'min_samples_leaf': 4, 'max_features': 'auto', 'max_depth': None, 'criterion': 'gini', 'bootstrap': False}",,,,,,,,,,,,,71,6
0.0008674144744873046,0.00022825049209617012,0.0,0.0,500,5,1,auto,10,entropy,False,"{'n_estimators': 500, 'min_samples_split': 5, 'min_samples_leaf': 1, 'max_features': 'auto', 'max_depth': 10, 'criterion': 'entropy', 'bootstrap': False}",,,,,,,,,,,,,71,6
0.3777283191680908,0.02928353099980369,0.02288668155670166,0.0024514555674578268,100,10,1,sqrt,,gini,True,"{'n_estimators': 100, 'min_samples_split': 10, 'min_samples_leaf': 1, 'max_features': 'sqrt', 'max_depth': None, 'criterion': 'gini', 'bootstrap': True}",0.8801169590643275,0.8596491228070176,0.9590643274853801,0.8333333333333334,0.8567251461988303,0.8364197530864197,0.8919753086419753,0.904320987654321,0.9537037037037037,0.9349845201238389,0.8910293162099148,0.04388401527984392,1,7
0.9216119527816773,0.050834430894474605,0.05683658123016357,0.0038817448244549972,300,2,4,sqrt,15,gini,False,"{'n_estimators': 300, 'min_samples_split': 2, 'min_samples_leaf': 4, 'max_features': 'sqrt', 'max_depth': 15, 'criterion': 'gini', 'bootstrap': False}",0.8918128654970761,0.847953216374269,0.9473684210526315,0.8567251461988303,0.8508771929824562,0.8271604938271605,0.9012345679012346,0.9135802469135802,0.9413580246913581,0.9256965944272446,0.8903766769865842,0.040300975109705525,2,7
0.3363915205001831,0.02650150075302103,0.02110869884490967,0.0019018562453760302,100,10,1,sqrt,15,gini,False,"{'n_estimators': 100, 'min_samples_split': 10, 'min_samples_leaf': 1, 'max_features': 'sqrt', 'max_depth': 15, 'criterion': 'gini', 'bootstrap': False}",0.8625730994152047,0.8333333333333333,0.9532163742690059,0.8684210526315789,0.8625730994152047,0.8549382716049383,0.888888888888889,0.9074074074074074,0.9290123456790124,0.934984520123839,0.8895348392768414,0.03775516577569305,3,7
0.6345288276672363,0.01591968000060032,0.038139748573303225,0.0025458879469710603,200,10,1,sqrt,15,gini,False,"{'n_estimators': 200, 'min_samples_split': 10, 'min_samples_leaf': 1, 'max_features': 'sqrt', 'max_depth': 15, 'criterion': 'gini', 'bootstrap': False}",0.8596491228070176,0.8304093567251462,0.9649122807017543,0.8742690058479532,0.8538011695906432,0.8580246913580246,0.8919753086419754,0.9104938271604939,0.9320987654320988,0.9195046439628484,0.8895138172227955,0.039659393969484175,4,7
2.10222384929657,0.08100365309666763,0.08369054794311523,0.023821705587112416,500,5,2,sqrt,,entropy,True,"{'n_estimators': 500, 'min_samples_split': 5, 'min_samples_leaf': 2, 'max_features': 'sqrt', 'max_depth': None, 'criterion': 'entropy', 'bootstrap': True}",0.8801169590643275,0.8391812865497077,0.9532163742690059,0.8567251461988304,0.8421052631578947,0.8395061728395061,0.904320987654321,0.8950617283950617,0.9444444444444445,0.9226006191950464,0.8877278981768146,0.041028477454241076,5,7
0.0009259223937988281,0.00020497571137626644,0.0,0.0,500,10,4,auto,5,entropy,True,"{'n_estimators': 500, 'min_samples_split': 10, 'min_samples_leaf': 4, 'max_features': 'auto', 'max_depth': 5, 'criterion': 'entropy', 'bootstrap': True}",,,,,,,,,,,,,71,7
0.0007382631301879883,2.4033077647600885e-05,0.0,0.0,500,2,4,auto,10,entropy,False,"{'n_estimators': 500, 'min_samples_split': 2, 'min_samples_leaf': 4, 'max_features': 'auto', 'max_depth': 10, 'criterion': 'entropy', 'bootstrap': False}",,,,,,,,,,,,,71,7
0.0008379697799682617,0.00018397302200164352,0.0,0.0,100,2,1,auto,15,gini,True,"{'n_estimators': 100, 'min_samples_split': 2, 'min_samples_leaf': 1, 'max_features': 'auto', 'max_depth': 15, 'criterion': 'gini', 'bootstrap': True}",,,,,,,,,,,,,71,7
0.0008389234542846679,0.00019062623417485212,0.0,0.0,500,10,4,auto,,gini,False,"{'n_estimators': 500, 'min_samples_split': 10, 'min_samples_leaf': 4, 'max_features': 'auto', 'max_depth': None, 'criterion': 'gini', 'bootstrap': False}",,,,,,,,,,,,,71,7
0.0007816791534423828,3.396610520704006e-05,0.0,0.0,500,5,1,auto,10,entropy,False,"{'n_estimators': 500, 'min_samples_split': 5, 'min_samples_leaf': 1, 'max_features': 'auto', 'max_depth': 10, 'criterion': 'entropy', 'bootstrap': False}",,,,,,,,,,,,,71,7
0.9412330150604248,0.06858797584340282,0.057259750366210935,0.005633545899208659,300,2,4,sqrt,15,gini,False,"{'n_estimators': 300, 'min_samples_split': 2, 'min_samples_leaf': 4, 'max_features': 'sqrt', 'max_depth': 15, 'criterion': 'gini', 'bootstrap': False}",0.9181286549707602,0.8538011695906432,0.8654970760233919,0.8421052631578947,0.8538011695906432,0.79320987654321,0.8919753086419754,0.9320987654320987,0.9104938271604938,0.9009287925696594,0.8762039903680771,0.04010848228497944,1,8
2.140081000328064,0.06255451683297741,0.08113927841186523,0.023079748066560473,500,5,2,sqrt,,entropy,True,"{'n_estimators': 500, 'min_samples_split': 5, 'min_samples_leaf': 2, 'max_features': 'sqrt', 'max_depth': None, 'criterion': 'entropy', 'bootstrap': True}",0.9122807017543859,0.8508771929824561,0.827485380116959,0.8567251461988304,0.8450292397660819,0.7962962962962963,0.9135802469135803,0.9290123456790123,0.9074074074074074,0.8978328173374612,0.8736526774452471,0.04197032657831072,2,8
0.9951313018798829,0.0675711378057356,0.054272794723510744,0.0016743559143658853,300,2,2,sqrt,15,gini,False,"{'n_estimators': 300, 'min_samples_split': 2, 'min_samples_leaf': 2, 'max_features': 'sqrt', 'max_depth': 15, 'criterion': 'gini', 'bootstrap': False}",0.9035087719298246,0.8450292397660818,0.8742690058479532,0.827485380116959,0.8596491228070176,0.8117283950617283,0.8981481481481481,0.9135802469135803,0.9012345679012346,0.8978328173374613,0.8732465695829988,0.033780515916640275,3,8
0.9531045436859131,0.04225154596259505,0.05512263774871826,0.003282199869889681,300,10,2,sqrt,,gini,False,"{'n_estimators': 300, 'min_samples_split': 10, 'min_samples_leaf': 2, 'max_features': 'sqrt', 'max_depth': None, 'criterion': 'gini', 'bootstrap': False}",0.9152046783625731,0.8508771929824561,0.847953216374269,0.8421052631578948,0.8538011695906432,0.7962962962962962,0.9074074074074074,0.9166666666666666,0.904320987654321,0.8947368421052632,0.8729369720597792,0.038273535453273146,4,8
1.654458713531494,0.07575468620587195,0.09039576053619384,0.006785586481561011,500,10,1,log2,15,entropy,False,"{'n_estimators': 500, 'min_samples_split': 10, 'min_samples_leaf': 1, 'max_features': 'log2', 'max_depth': 15, 'criterion': 'entropy', 'bootstrap': False}",0.8859649122807017,0.8128654970760234,0.8508771929824562,0.8421052631578947,0.8596491228070176,0.8024691358024691,0.904320987654321,0.9320987654320988,0.904320987654321,0.9195046439628483,0.8714176508810152,0.042394947466840145,5,8
0.0007684946060180664,4.83365725428087e-05,0.0,0.0,500,10,4,auto,5,entropy,True,"{'n_estimators': 500, 'min_samples_split': 10, 'min_samples_leaf': 4, 'max_features': 'auto', 'max_depth': 5, 'criterion': 'entropy', 'bootstrap': True}",,,,,,,,,,,,,71,8
0.0009233951568603516,0.00025638962441860264,0.0,0.0,500,2,4,auto,10,entropy,False,"{'n_estimators': 500, 'min_samples_split': 2, 'min_samples_leaf': 4, 'max_features': 'auto', 'max_depth': 10, 'criterion': 'entropy', 'bootstrap': False}",,,,,,,,,,,,,71,8
0.0007343292236328125,2.7531720284520956e-05,0.0,0.0,100,2,1,auto,15,gini,True,"{'n_estimators': 100, 'min_samples_split': 2, 'min_samples_leaf': 1, 'max_features': 'auto', 'max_depth': 15, 'criterion': 'gini', 'bootstrap': True}",,,,,,,,,,,,,71,8
0.0008094072341918946,0.00019274806812112223,0.0,0.0,500,10,4,auto,,gini,False,"{'n_estimators': 500, 'min_samples_split': 10, 'min_samples_leaf': 4, 'max_features': 'auto', 'max_depth': None, 'criterion': 'gini', 'bootstrap': False}",,,,,,,,,,,,,71,8
0.0008065223693847657,8.380097984262505e-05,0.0,0.0,500,5,1,auto,10,entropy,False,"{'n_estimators': 500, 'min_samples_split': 5, 'min_samples_leaf': 1, 'max_features': 'auto', 'max_depth': 10, 'criterion': 'entropy', 'bootstrap': False}",,,,,,,,,,,,,71,8
2.169888710975647,0.13521383187481031,0.09628880023956299,0.025198068469391544,500,5,2,sqrt,,entropy,True,"{'n_estimators': 500, 'min_samples_split': 5, 'min_samples_leaf': 2, 'max_features': 'sqrt', 'max_depth': None, 'criterion': 'entropy', 'bootstrap': True}",0.9239766081871346,0.9181286549707602,0.8508771929824562,0.8508771929824561,0.868421052631579,0.787037037037037,0.888888888888889,0.9537037037037037,0.9197530864197531,0.8761609907120743,0.8837824408515843,0.04563268811857821,1,9
1.7542536973953247,0.07145417432460857,0.09084689617156982,0.006603864498226873,500,10,1,sqrt,15,entropy,False,"{'n_estimators': 500, 'min_samples_split': 10, 'min_samples_leaf': 1, 'max_features': 'sqrt', 'max_depth': 15, 'criterion': 'entropy', 'bootstrap': False}",0.894736842105263,0.9181286549707602,0.868421052631579,0.8187134502923977,0.8625730994152047,0.8271604938271605,0.8888888888888888,0.941358024691358,0.9259259259259259,0.891640866873065,0.8837547299621603,0.038215615056474764,2,9
1.9774743795394898,0.17519319449465168,0.0928039312362671,0.0053798935165681044,500,2,2,log2,,gini,True,"{'n_estimators': 500, 'min_samples_split': 2, 'min_samples_leaf': 2, 'max_features': 'log2', 'max_depth': None, 'criterion': 'gini', 'bootstrap': True}",0.9385964912280702,0.9239766081871346,0.8450292397660819,0.8391812865497076,0.8801169590643274,0.7777777777777778,0.8827160493827161,0.9444444444444444,0.9228395061728395,0.8823529411764706,0.883703130374957,0.04956823570191828,3,9
0.30468409061431884,0.010816150438227555,0.021743392944335936,0.0017074360922706353,100,5,1,log2,15,gini,False,"{'n_estimators': 100, 'min_samples_split': 5, 'min_samples_leaf': 1, 'max_features': 'log2', 'max_depth': 15, 'criterion': 'gini', 'bootstrap': False}",0.9064327485380117,0.9210526315789473,0.8508771929824561,0.847953216374269,0.8625730994152048,0.8055555555555556,0.8796296296296297,0.941358024691358,0.9320987654320988,0.8885448916408669,0.8836075755838397,0.04065330250029973,4,9
0.9790811538696289,0.05881271913027316,0.057702159881591795,0.00562778700621286,300,2,2,sqrt,15,gini,False,"{'n_estimators': 300, 'min_samples_split': 2, 'min_samples_leaf': 2, 'max_features': 'sqrt', 'max_depth': 15, 'criterion': 'gini', 'bootstrap': False}",0.9064327485380117,0.9210526315789473,0.868421052631579,0.8187134502923977,0.868421052631579,0.8148148148148148,0.8765432098765432,0.941358024691358,0.9259259259259259,0.8885448916408668,0.8830227802622023,0.04065082136193103,5,9
0.0008961439132690429,2.6794695109549914e-05,0.0,0.0,500,10,4,auto,5,entropy,True,"{'n_estimators': 500, 'min_samples_split': 10, 'min_samples_leaf': 4, 'max_features': 'auto', 'max_depth': 5, 'criterion': 'entropy', 'bootstrap': True}",,,,,,,,,,,,,71,9
0.0008411407470703125,0.00015697874676068142,0.0,0.0,500,2,4,auto,10,entropy,False,"{'n_estimators': 500, 'min_samples_split': 2, 'min_samples_leaf': 4, 'max_features': 'auto', 'max_depth': 10, 'criterion': 'entropy', 'bootstrap': False}",,,,,,,,,,,,,71,9
0.0007596492767333984,4.8882530494518055e-05,0.0,0.0,100,2,1,auto,15,gini,True,"{'n_estimators': 100, 'min_samples_split': 2, 'min_samples_leaf': 1, 'max_features': 'auto', 'max_depth': 15, 'criterion': 'gini', 'bootstrap': True}",,,,,,,,,,,,,71,9
0.000839066505432129,0.00019166401361049153,0.0,0.0,500,10,4,auto,,gini,False,"{'n_estimators': 500, 'min_samples_split': 10, 'min_samples_leaf': 4, 'max_features': 'auto', 'max_depth': None, 'criterion': 'gini', 'bootstrap': False}",,,,,,,,,,,,,71,9
0.0009209871292114258,0.00025243424200617877,0.0,0.0,500,5,1,auto,10,entropy,False,"{'n_estimators': 500, 'min_samples_split': 5, 'min_samples_leaf': 1, 'max_features': 'auto', 'max_depth': 10, 'criterion': 'entropy', 'bootstrap': False}",,,,,,,,,,,,,71,9
2.2460784912109375,0.1307284409458232,0.10161373615264893,0.03618307905542682,500,5,2,sqrt,,entropy,True,"{'n_estimators': 500, 'min_samples_split': 5, 'min_samples_leaf': 2, 'max_features': 'sqrt', 'max_depth': None, 'criterion': 'entropy', 'bootstrap': True}",0.9210526315789475,0.9093567251461988,0.8596491228070176,0.804093567251462,0.956140350877193,0.9444444444444444,0.8734567901234568,0.808641975308642,0.8919753086419754,0.9259259259259259,0.8894736842105264,0.05016312700062764,1,10
0.3581299543380737,0.024157471807160245,0.025689029693603517,0.0040471869724484485,100,5,1,log2,15,gini,False,"{'n_estimators': 100, 'min_samples_split': 5, 'min_samples_leaf': 1, 'max_features': 'log2', 'max_depth': 15, 'criterion': 'gini', 'bootstrap': False}",0.9005847953216375,0.9181286549707603,0.8464912280701754,0.8128654970760234,0.9356725146198831,0.9382716049382716,0.8796296296296297,0.8179012345679012,0.8765432098765432,0.9228395061728395,0.8848927875243666,0.044120957679426004,2,10
0.9965174436569214,0.060472941592200305,0.0591944694519043,0.005940575007099753,300,5,2,log2,15,entropy,False,"{'n_estimators': 300, 'min_samples_split': 5, 'min_samples_leaf': 2, 'max_features': 'log2', 'max_depth': 15, 'criterion': 'entropy', 'bootstrap': False}",0.8976608187134503,0.9122807017543859,0.8508771929824561,0.8245614035087719,0.9415204678362573,0.9475308641975309,0.861111111111111,0.7993827160493827,0.8765432098765432,0.9259259259259259,0.8837394411955817,0.0473898218350006,3,10
1.634490728378296,0.057872491526014154,0.09199817180633545,0.007902437867536288,500,10,1,log2,15,entropy,False,"{'n_estimators': 500, 'min_samples_split': 10, 'min_samples_leaf': 1, 'max_features': 'log2', 'max_depth': 15, 'criterion': 'entropy', 'bootstrap': False}",0.9035087719298246,0.9035087719298246,0.8333333333333334,0.8128654970760234,0.9473684210526315,0.9475308641975309,0.8765432098765432,0.8055555555555556,0.8703703703703703,0.9351851851851852,0.8835769980506823,0.050451140459948966,4,10
1.7927871942520142,0.06810219251478673,0.09984416961669922,0.01529510207453838,500,10,1,sqrt,15,entropy,False,"{'n_estimators': 500, 'min_samples_split': 10, 'min_samples_leaf': 1, 'max_features': 'sqrt', 'max_depth': 15, 'criterion': 'entropy', 'bootstrap': False}",0.9181286549707602,0.9005847953216375,0.8523391812865496,0.8187134502923976,0.9415204678362574,0.9351851851851851,0.8611111111111112,0.7993827160493827,0.882716049382716,0.9259259259259259,0.8835607537361924,0.04698359005197995,5,10
0.0008695363998413086,8.914715528122382e-05,0.0,0.0,500,10,4,auto,5,entropy,True,"{'n_estimators': 500, 'min_samples_split': 10, 'min_samples_leaf': 4, 'max_features': 'auto', 'max_depth': 5, 'criterion': 'entropy', 'bootstrap': True}",,,,,,,,,,,,,71,10
0.0008100271224975586,0.0001825569129664833,0.0,0.0,500,2,4,auto,10,entropy,False,"{'n_estimators': 500, 'min_samples_split': 2, 'min_samples_leaf': 4, 'max_features': 'auto', 'max_depth': 10, 'criterion': 'entropy', 'bootstrap': False}",,,,,,,,,,,,,71,10
0.0012471199035644532,0.0009668234431513574,0.0,0.0,100,2,1,auto,15,gini,True,"{'n_estimators': 100, 'min_samples_split': 2, 'min_samples_leaf': 1, 'max_features': 'auto', 'max_depth': 15, 'criterion': 'gini', 'bootstrap': True}",,,,,,,,,,,,,71,10
0.0008704662322998047,0.00024141152077643526,0.0,0.0,500,10,4,auto,,gini,False,"{'n_estimators': 500, 'min_samples_split': 10, 'min_samples_leaf': 4, 'max_features': 'auto', 'max_depth': None, 'criterion': 'gini', 'bootstrap': False}",,,,,,,,,,,,,71,10
0.0007942914962768555,2.3547320168265618e-05,0.0,0.0,500,5,1,auto,10,entropy,False,"{'n_estimators': 500, 'min_samples_split': 5, 'min_samples_leaf': 1, 'max_features': 'auto', 'max_depth': 10, 'criterion': 'entropy', 'bootstrap': False}",,,,,,,,,,,,,71,10
